{
  "info": {
    "name": "TH8 Product v1 API",
    "schema": "https://schema.getpostman.com/json/collection/v2.1.0/collection.json"
  },
  "item": [
    {
      "name": "Demo: Get Complaint Payload",
      "request": {
        "method": "GET",
        "url": {
          "raw": "http://localhost:8000/demo/complaint",
          "protocol": "http",
          "host": [
            "localhost"
          ],
          "port": "8000",
          "path": [
            "demo",
            "complaint"
          ]
        }
      }
    },
    {
      "name": "Run: Complaint Pipeline",
      "request": {
        "method": "POST",
        "header": [
          {
            "key": "Content-Type",
            "value": "application/json"
          }
        ],
        "url": {
          "raw": "http://localhost:8000/run",
          "protocol": "http",
          "host": [
            "localhost"
          ],
          "port": "8000",
          "path": [
            "run"
          ]
        },
        "body": {
          "mode": "raw",
          "raw": "{\"task_type\": \"complaint_pipeline\", \"payload\": {\"complaint_id\": \"C-0001\", \"channel\": \"Facebook\", \"product_code\": \"OVALTIN-ORIGINAL\", \"period\": \"2025-12\", \"text\": \"Operator john.doe@email.com โทร 0812345678 แจ้งว่ากลิ่นแปลก เหมือนหืน เปิดแล้วไม่มั่นใจให้ลูกดื่ม\"}}"
        }
      }
    },
    {
      "name": "Demo: Get FP&A Payload",
      "request": {
        "method": "GET",
        "url": {
          "raw": "http://localhost:8000/demo/fpa",
          "protocol": "http",
          "host": [
            "localhost"
          ],
          "port": "8000",
          "path": [
            "demo",
            "fpa"
          ]
        }
      }
    },
    {
      "name": "Run: FP&A Pipeline",
      "request": {
        "method": "POST",
        "header": [
          {
            "key": "Content-Type",
            "value": "application/json"
          }
        ],
        "url": {
          "raw": "http://localhost:8000/run",
          "protocol": "http",
          "host": [
            "localhost"
          ],
          "port": "8000",
          "path": [
            "run"
          ]
        },
        "body": {
          "mode": "raw",
          "raw": "{\"task_type\": \"fpa_pipeline\", \"payload\": {\"period\": \"2025-11\", \"metric\": \"net_sales\"}}"
        }
      }
    },
    {
      "name": "Run: QC Check (legacy)",
      "request": {
        "method": "POST",
        "header": [
          {
            "key": "Content-Type",
            "value": "application/json"
          }
        ],
        "url": {
          "raw": "http://localhost:8000/run",
          "protocol": "http",
          "host": [
            "localhost"
          ],
          "port": "8000",
          "path": [
            "run"
          ]
        },
        "body": {
          "mode": "raw",
          "raw": "{\"task_type\": \"qc_check\", \"payload\": {\"moisture\": 4.2, \"spec_limit\": 4.0}}"
        }
      }
    }
  ]
}