batch_id,date,moisture,yield_pct,supplier,line,qc_status
OVT-2512-00,2025-12-23,3.79,93.1,SupplierC,Line-1,PASS
OVT-2512-01,2025-12-22,3.49,95.9,SupplierB,Line-3,PASS
OVT-2512-02,2025-12-21,3.47,95.7,SupplierA,Line-1,PASS
OVT-2512-03,2025-12-20,3.92,92.5,SupplierA,Line-3,PASS
OVT-2512-04,2025-12-19,3.91,98.0,SupplierA,Line-1,PASS
OVT-2512-05,2025-12-18,4.16,96.3,SupplierA,Line-3,FAIL
OVT-2512-06,2025-12-17,4.1,92.4,SupplierA,Line-1,FAIL
OVT-2512-07,2025-12-16,4.07,93.0,SupplierB,Line-1,FAIL
OVT-2512-08,2025-12-15,4.05,96.2,SupplierC,Line-3,FAIL
OVT-2512-09,2025-12-14,3.62,96.2,SupplierC,Line-1,PASS
OVT-2512-10,2025-12-13,3.85,96.0,SupplierA,Line-3,PASS
OVT-2512-11,2025-12-12,3.47,93.5,SupplierC,Line-3,PASS
OVT-2512-12,2025-12-11,3.91,94.3,SupplierC,Line-2,PASS
OVT-2512-13,2025-12-10,3.83,93.8,SupplierA,Line-3,PASS
OVT-2512-14,2025-12-09,4.34,92.6,SupplierB,Line-3,FAIL
OVT-2512-15,2025-12-08,3.99,94.5,SupplierB,Line-2,PASS
OVT-2512-16,2025-12-07,4.13,92.5,SupplierC,Line-2,FAIL
OVT-2512-17,2025-12-06,3.6,94.5,SupplierB,Line-2,PASS
OVT-2512-18,2025-12-05,3.45,96.9,SupplierC,Line-3,PASS
OVT-2512-19,2025-12-04,4.35,98.0,SupplierB,Line-3,FAIL
OVT-2512-20,2025-12-03,3.82,95.6,SupplierB,Line-1,PASS
OVT-2512-21,2025-12-02,4.41,98.9,SupplierB,Line-3,FAIL
OVT-2512-22,2025-12-01,4.2,92.4,SupplierC,Line-2,FAIL
OVT-2511-23,2025-11-30,4.18,99.2,SupplierB,Line-2,FAIL
OVT-2511-24,2025-11-29,4.26,98.5,SupplierB,Line-1,FAIL
OVT-2511-25,2025-11-28,4.53,94.6,SupplierC,Line-1,FAIL
OVT-2511-26,2025-11-27,3.99,93.6,SupplierB,Line-1,PASS
OVT-2511-27,2025-11-26,4.29,94.9,SupplierB,Line-1,FAIL
OVT-2511-28,2025-11-25,3.6,94.9,SupplierB,Line-1,PASS
OVT-2511-29,2025-11-24,4.38,98.3,SupplierB,Line-3,FAIL
OVT-2511-30,2025-11-23,3.9,94.6,SupplierB,Line-1,PASS
OVT-2511-31,2025-11-22,3.58,93.3,SupplierA,Line-3,PASS
OVT-2511-32,2025-11-21,3.68,95.5,SupplierC,Line-1,PASS
OVT-2511-33,2025-11-20,3.72,92.0,SupplierB,Line-3,PASS
OVT-2511-34,2025-11-19,3.84,96.1,SupplierA,Line-3,PASS
OVT-2511-35,2025-11-18,4.43,98.9,SupplierC,Line-3,FAIL
OVT-2511-36,2025-11-17,4.29,95.3,SupplierC,Line-3,FAIL
OVT-2511-37,2025-11-16,3.87,94.9,SupplierA,Line-2,PASS
OVT-2511-38,2025-11-15,4.16,92.5,SupplierA,Line-1,FAIL
OVT-2511-39,2025-11-14,3.93,92.8,SupplierC,Line-1,PASS
OVT-2511-40,2025-11-13,3.52,96.1,SupplierC,Line-1,PASS
OVT-2511-41,2025-11-12,4.54,96.5,SupplierA,Line-1,FAIL
OVT-2511-42,2025-11-11,4.14,93.1,SupplierB,Line-2,FAIL
OVT-2511-43,2025-11-10,4.12,95.5,SupplierA,Line-2,FAIL
OVT-2511-44,2025-11-09,4.59,95.4,SupplierB,Line-2,FAIL
OVT-2511-45,2025-11-08,3.5,92.7,SupplierB,Line-3,PASS
OVT-2511-46,2025-11-07,3.72,98.1,SupplierA,Line-3,PASS
OVT-2511-47,2025-11-06,3.43,98.9,SupplierC,Line-2,PASS
OVT-2511-48,2025-11-05,3.58,96.0,SupplierA,Line-3,PASS
OVT-2511-49,2025-11-04,3.76,96.7,SupplierA,Line-3,PASS
OVT-2511-50,2025-11-03,4.41,95.8,SupplierA,Line-2,FAIL
OVT-2511-51,2025-11-02,4.33,95.9,SupplierC,Line-2,FAIL
OVT-2511-52,2025-11-01,4.16,96.5,SupplierA,Line-1,FAIL
OVT-2510-53,2025-10-31,4.38,97.4,SupplierA,Line-1,FAIL
OVT-2510-54,2025-10-30,4.02,94.6,SupplierA,Line-1,FAIL
OVT-2510-55,2025-10-29,4.35,95.4,SupplierA,Line-3,FAIL
OVT-2510-56,2025-10-28,4.13,94.5,SupplierC,Line-2,FAIL
OVT-2510-57,2025-10-27,4.55,94.7,SupplierA,Line-1,FAIL
OVT-2510-58,2025-10-26,3.67,93.4,SupplierA,Line-2,PASS
OVT-2510-59,2025-10-25,4.15,98.6,SupplierA,Line-2,FAIL
