deviation_id,batch_id,date,type,severity,symptom,note
DEV-0000,OVT-2510-58,2025-10-26,Material,High,Moisture out of spec,New supplier material used
DEV-0001,OVT-2510-58,2025-10-26,Human,High,Yield drop,Humidity spike in room
DEV-0002,OVT-2510-56,2025-10-28,Equipment,Medium,Unexpected downtime,New supplier material used
DEV-0003,OVT-2511-51,2025-11-02,Human,Medium,Foreign particle,New supplier material used
DEV-0004,OVT-2511-46,2025-11-07,Equipment,Low,Yield drop,New supplier material used
DEV-0005,OVT-2512-09,2025-12-14,Human,High,Yield drop,Humidity spike in room
DEV-0006,OVT-2511-42,2025-11-11,Material,Low,Yield drop,New supplier material used
DEV-0007,OVT-2512-00,2025-12-23,Process,High,Yield drop,Humidity spike in room
DEV-0008,OVT-2510-55,2025-10-29,Equipment,Low,Moisture out of spec,Operator shift change
DEV-0009,OVT-2512-13,2025-12-10,Material,High,Yield drop,Operator shift change
DEV-0010,OVT-2512-16,2025-12-07,Human,Low,Moisture out of spec,Operator shift change
DEV-0011,OVT-2510-57,2025-10-27,Human,High,Foreign particle,Cleaning cycle shortened
DEV-0012,OVT-2511-34,2025-11-19,Equipment,High,Moisture out of spec,Humidity spike in room
DEV-0013,OVT-2511-49,2025-11-04,Equipment,High,Moisture out of spec,Cleaning cycle shortened
DEV-0014,OVT-2512-11,2025-12-12,Equipment,Medium,Moisture out of spec,New supplier material used
DEV-0015,OVT-2512-20,2025-12-03,Human,Low,Moisture out of spec,Cleaning cycle shortened
DEV-0016,OVT-2512-12,2025-12-11,Material,Low,Moisture out of spec,Humidity spike in room
DEV-0017,OVT-2511-35,2025-11-18,Process,Low,Foreign particle,Operator shift change
DEV-0018,OVT-2511-39,2025-11-14,Equipment,High,Unexpected downtime,Humidity spike in room
DEV-0019,OVT-2511-32,2025-11-21,Human,High,Yield drop,Operator shift change
DEV-0020,OVT-2510-59,2025-10-25,Equipment,Medium,Yield drop,Humidity spike in room
DEV-0021,OVT-2512-07,2025-12-16,Human,Medium,Unexpected downtime,New supplier material used
DEV-0022,OVT-2511-42,2025-11-11,Equipment,Medium,Moisture out of spec,Cleaning cycle shortened
DEV-0023,OVT-2511-42,2025-11-11,Material,Low,Yield drop,Operator shift change
DEV-0024,OVT-2512-09,2025-12-14,Material,Low,Foreign particle,Cleaning cycle shortened
DEV-0025,OVT-2511-47,2025-11-06,Process,Medium,Foreign particle,Cleaning cycle shortened
DEV-0026,OVT-2511-42,2025-11-11,Equipment,Low,Foreign particle,Humidity spike in room
DEV-0027,OVT-2512-21,2025-12-02,Human,Low,Unexpected downtime,Operator shift change
DEV-0028,OVT-2512-05,2025-12-18,Material,Low,Unexpected downtime,Humidity spike in room
DEV-0029,OVT-2511-28,2025-11-25,Process,Medium,Unexpected downtime,Operator shift change
DEV-0030,OVT-2511-32,2025-11-21,Process,Low,Yield drop,New supplier material used
DEV-0031,OVT-2512-05,2025-12-18,Material,Medium,Moisture out of spec,Cleaning cycle shortened
DEV-0032,OVT-2512-17,2025-12-06,Equipment,Medium,Unexpected downtime,Humidity spike in room
DEV-0033,OVT-2512-09,2025-12-14,Human,High,Unexpected downtime,New supplier material used
DEV-0034,OVT-2512-17,2025-12-06,Process,High,Yield drop,Humidity spike in room
DEV-0035,OVT-2510-57,2025-10-27,Process,Medium,Moisture out of spec,New supplier material used
DEV-0036,OVT-2511-51,2025-11-02,Material,Low,Yield drop,New supplier material used
DEV-0037,OVT-2512-16,2025-12-07,Process,Medium,Moisture out of spec,Operator shift change
DEV-0038,OVT-2511-35,2025-11-18,Human,Medium,Yield drop,New supplier material used
DEV-0039,OVT-2511-33,2025-11-20,Equipment,Low,Yield drop,Operator shift change
